,0,1,2,3,4,5,6,7,8,9,10,11,12,13,14,15,16,17,18,19,20,21,22,23,24,25,26,27,28,29,30,31,32,33,34,35
7306,70.45480346679688,71.01210021972656,70.77117919921875,68.65042114257812,69.06153869628906,70.40211486816406,70.5656509399414,67.33890533447266,69.6435775756836,70.48924255371094,70.47625732421875,68.6720199584961,69.12886047363281,70.85839080810547,69.66429138183594,67.8028793334961,70.55888366699219,69.8458480834961,67.7944564819336,70.38433074951172,68.33211517333984,67.12194061279297,69.19254302978516,66.47394561767578,67.52482604980469,70.2782211303711,68.9655532836914,67.63385009765625,69.31941986083984,70.29193878173828,69.84979248046875,69.07295227050781,69.71111297607422,68.15866088867188,71.28531646728516,68.29737091064453
896,70.07772064208984,70.63279724121094,70.39418029785156,68.28438568115234,68.69769287109375,70.02197265625,70.19327545166016,66.98397064208984,69.26228332519531,70.11815643310547,70.09056091308594,68.29367065429688,68.76212310791016,70.47042846679688,69.28240966796875,67.43527221679688,70.18855285644531,69.47761535644531,67.43421936035156,70.0178451538086,67.96745300292969,66.7485122680664,68.82010650634766,66.12211608886719,67.16522216796875,69.89725494384766,68.59990692138672,67.26026916503906,68.9500732421875,69.92698669433594,69.45850372314453,68.69784545898438,69.34555053710938,67.7928695678711,70.90321350097656,67.93714141845703
5426,73.34166717529297,73.92232513427734,73.67008972167969,71.45906066894531,71.8807373046875,73.28299713134766,73.45867156982422,70.08036804199219,72.48567199707031,73.36935424804688,73.3572006225586,71.47349548339844,71.95769500732422,73.75369262695312,72.5105972290039,70.57337951660156,73.45038604736328,72.70814514160156,70.56441497802734,73.26627349853516,71.12000274658203,69.84651184082031,72.01734924316406,69.1875228881836,70.2798080444336,73.147216796875,71.78233337402344,70.38643646240234,72.15644073486328,73.17418670654297,72.6936264038086,71.90557098388672,72.5697250366211,70.93956756591797,74.20032501220703,71.09135437011719
5227,72.74781799316406,73.30319213867188,73.06810760498047,70.89994049072266,71.35621643066406,72.6858139038086,72.84843444824219,69.6378173828125,71.91693115234375,72.77969360351562,72.78533935546875,70.9853515625,71.38397979736328,73.15339660644531,71.95056915283203,70.06379699707031,72.84475708007812,72.11608123779297,70.08663177490234,72.67906951904297,70.56745147705078,69.35498046875,71.47110748291016,68.7226333618164,69.76753997802734,72.54563903808594,71.24923706054688,69.88382720947266,71.58119201660156,72.5704574584961,72.1211929321289,71.34600830078125,71.98445892333984,70.427978515625,73.58596801757812,70.56330871582031
5770,71.90421295166016,72.50090789794922,72.24409484863281,70.05653381347656,70.51844024658203,71.8035888671875,72.02487182617188,68.81097412109375,71.0469741821289,71.95533752441406,71.96772766113281,70.15331268310547,70.5921859741211,72.26995849609375,71.11902618408203,69.28024291992188,72.01268768310547,71.36074829101562,69.35842895507812,71.88700103759766,69.79258728027344,68.54814147949219,70.64952087402344,67.94889831542969,69.02510070800781,71.76687622070312,70.47137451171875,69.05194091796875,70.7905044555664,71.7885971069336,71.27564239501953,70.53778839111328,71.2369384765625,69.56534576416016,72.76898193359375,69.75428009033203
6301,71.03710174560547,71.61102294921875,71.3665542602539,69.20390319824219,69.63984680175781,70.95355224609375,71.15091705322266,67.91056060791016,70.20548248291016,71.06632232666016,71.07492065429688,69.25142669677734,69.7032470703125,71.40735626220703,70.22836303710938,68.39775085449219,71.13873291015625,70.46448516845703,68.42835235595703,70.97614288330078,68.92703247070312,67.66664123535156,69.76786804199219,67.04428100585938,68.12105560302734,70.87360382080078,69.57090759277344,68.18009948730469,69.90267944335938,70.9104232788086,70.41432189941406,69.66136169433594,70.32638549804688,68.71492004394531,71.88655090332031,68.8830337524414
502,71.11749267578125,71.69661712646484,71.45272827148438,69.29442596435547,69.70516204833984,71.06497192382812,71.246826171875,67.96565246582031,70.29735565185547,71.16083526611328,71.15257263183594,69.30027770996094,69.7820053100586,71.51544189453125,70.31278991699219,68.4411849975586,71.23917388916016,70.53289794921875,68.43942260742188,71.06012725830078,68.98774719238281,67.72981262207031,69.8486099243164,67.08966827392578,68.16287994384766,70.9456787109375,69.623779296875,68.24876403808594,69.96893310546875,70.98426818847656,70.50487518310547,69.72604370117188,70.38472747802734,68.79804992675781,71.95999145507812,68.94374084472656
4462,71.4747543334961,72.02568817138672,71.78577423095703,69.63544464111328,70.06120300292969,71.4105453491211,71.57951354980469,68.31974792480469,70.64140319824219,71.50297546386719,71.48233795166016,69.66282653808594,70.12521362304688,71.86649322509766,70.65742492675781,68.78450775146484,71.58314514160156,70.85758209228516,68.7885971069336,71.39611053466797,69.31607818603516,68.08244323730469,70.19011688232422,67.44987487792969,68.50093078613281,71.28492736816406,69.98005676269531,68.60921478271484,70.32415008544922,71.31073760986328,70.84101104736328,70.07404327392578,70.72332000732422,69.14422607421875,72.31189727783203,69.28753662109375
5614,74.01551055908203,74.61105346679688,74.36250305175781,72.13036346435547,72.58374786376953,73.94477844238281,74.13240814208984,70.81471252441406,73.16263580322266,74.07056427001953,74.0689697265625,72.18943786621094,72.63542175292969,74.43373107910156,73.1991958618164,71.28644561767578,74.14070129394531,73.40705108642578,71.32734680175781,73.96453094482422,71.84085083007812,70.53976440429688,72.71269226074219,69.90150451660156,70.98292541503906,73.82576751708984,72.490478515625,71.06132507324219,72.81676483154297,73.86751556396484,73.38533020019531,72.57299041748047,73.26272583007812,71.60470581054688,74.87039947509766,71.77963256835938
8358,72.05863952636719,72.62086486816406,72.37361145019531,70.20701599121094,70.62328338623047,72.0018081665039,72.16657257080078,68.86471557617188,71.22408294677734,72.08879089355469,72.07359313964844,70.21843719482422,70.70039367675781,72.46111297607422,71.239501953125,69.33747100830078,72.1733627319336,71.43182373046875,69.32134246826172,71.98345184326172,69.88020324707031,68.63031768798828,70.76225280761719,67.97538757324219,69.04569244384766,71.86611938476562,70.52571868896484,69.159912109375,70.89105224609375,71.89215087890625,71.42402648925781,70.63834381103516,71.29471588134766,69.70809173583984,72.89579772949219,69.85125732421875
1721,71.81338500976562,72.38597869873047,72.14148712158203,69.96736907958984,70.41193389892578,71.72325897216797,71.92485809326172,68.68033599853516,70.97952270507812,71.84398651123047,71.8474349975586,70.03128814697266,70.46942901611328,72.1834716796875,71.00886535644531,69.15615844726562,71.91824340820312,71.22138214111328,69.19772338867188,71.75878143310547,69.69625091552734,68.43216705322266,70.5429916381836,67.80979919433594,68.88383483886719,71.6481704711914,70.32933807373047,68.94544982910156,70.66898345947266,71.67123413085938,71.1905517578125,70.4313735961914,71.09909057617188,69.47384643554688,72.65511322021484,69.64347839355469
805,69.3103256225586,69.85356903076172,69.61555480957031,67.5257797241211,67.9299545288086,69.25364685058594,69.4171142578125,66.23603820800781,68.50955200195312,69.34718322753906,69.33002471923828,67.53997802734375,67.99950408935547,69.70333099365234,68.52240753173828,66.6888427734375,69.42333221435547,68.70427703857422,66.67230987548828,69.24259185791016,67.21334075927734,66.0127182006836,68.06771087646484,65.38166809082031,66.41256713867188,69.12628173828125,67.83757019042969,66.5177230834961,68.18489837646484,69.14694213867188,68.70428466796875,67.94451904296875,68.57593536376953,67.0454330444336,70.12569427490234,67.18336486816406
6985,72.15205383300781,72.72917175292969,72.48397064208984,70.29676818847656,70.72710418701172,72.08100128173828,72.2725830078125,68.96481323242188,71.3178482055664,72.19232177734375,72.18462371826172,70.3214340209961,70.79911804199219,72.54315948486328,71.33435821533203,69.45528411865234,72.2701416015625,71.55915832519531,69.46285247802734,72.08856964111328,69.99968719482422,68.72713470458984,70.86958312988281,68.08246612548828,69.164306640625,71.98517608642578,70.64179992675781,69.2475357055664,70.9943618774414,72.01104736328125,71.52564239501953,70.74491882324219,71.41771697998047,69.7990493774414,73.00626373291016,69.95606994628906
2469,73.09780883789062,73.67431640625,73.4254150390625,71.22429656982422,71.66493225097656,73.02355194091797,73.20570373535156,69.9122085571289,72.26092529296875,73.14384460449219,73.13079833984375,71.27850341796875,71.72665405273438,73.50833129882812,72.29320526123047,70.3799819946289,73.21844482421875,72.483154296875,70.40116882324219,73.02995300292969,70.92543029785156,69.6540756225586,71.80909729003906,69.01067352294922,70.07638549804688,72.91702270507812,71.58356475830078,70.1900863647461,71.91751861572266,72.94903564453125,72.47314453125,71.68003845214844,72.35057830810547,70.72962951660156,73.94683837890625,70.89049530029297
5347,72.89264678955078,73.46829223632812,73.22193908691406,71.01731872558594,71.44276428222656,72.83501434326172,73.00989532470703,69.66661834716797,72.05431365966797,72.93038940429688,72.92017364501953,71.03973388671875,71.5217514038086,73.29948425292969,72.06289672851562,70.1478042602539,73.01618957519531,72.27613830566406,70.13984680175781,72.82086181640625,70.69786071777344,69.42191314697266,71.58695983886719,68.76915740966797,69.85625457763672,72.7085189819336,71.35714721679688,69.9651870727539,71.71676635742188,72.7404556274414,72.25898742675781,71.4714126586914,72.1265640258789,70.51956176757812,73.74974822998047,70.66608428955078
5087,71.7357177734375,72.29620361328125,72.05646514892578,69.89665985107422,70.31885528564453,71.68025970458984,71.84569549560547,68.5730972290039,70.91130828857422,71.7740249633789,71.76256561279297,69.92278289794922,70.38327026367188,72.14752197265625,70.93159484863281,69.04379272460938,71.84783172607422,71.11393737792969,69.03866577148438,71.67118835449219,69.57650756835938,68.34342193603516,70.45935821533203,67.69662475585938,68.751220703125,71.54877471923828,70.21966552734375,68.86512756347656,70.57914733886719,71.56678009033203,71.11962890625,70.32315826416016,70.9775161743164,69.40299224853516,72.56633758544922,69.5462417602539
6456,68.92216491699219,69.46992492675781,69.232421875,67.14338684082031,67.54472351074219,68.86483764648438,69.03248596191406,65.85928344726562,68.12809753417969,68.95326232910156,68.94076538085938,67.15444946289062,67.62236785888672,69.30579376220703,68.1375961303711,66.32240295410156,69.03376007080078,68.33831787109375,66.31256103515625,68.85273742675781,66.84889221191406,65.63572692871094,67.68321228027344,65.0085678100586,66.04328918457031,68.75312805175781,67.45939636230469,66.14132690429688,67.80956268310547,68.78556823730469,68.3182373046875,67.56970977783203,68.20265197753906,66.67145538330078,69.72888946533203,66.8144302368164
1220,70.9062728881836,71.4521484375,71.21324920654297,69.08702850341797,69.50528717041016,70.8501205444336,71.01226043701172,67.77549743652344,70.08307647705078,70.93051147460938,70.91864013671875,69.1197280883789,69.56767272949219,71.29785919189453,70.099609375,68.2363510131836,71.00920867919922,70.28874206542969,68.22801971435547,70.82476043701172,68.75640106201172,67.54354858398438,69.6277847290039,66.90491485595703,67.95690155029297,70.70932006835938,69.40592956542969,68.06383514404297,69.76089477539062,70.7383804321289,70.28015899658203,69.51923370361328,70.15089416503906,68.59994506835938,71.73355102539062,68.73753356933594
4591,70.85457611083984,71.41812133789062,71.17554473876953,69.03290557861328,69.44456481933594,70.80451965332031,70.97084045410156,67.70291900634766,70.0318374633789,70.89275360107422,70.88025665283203,69.04720306396484,69.51980590820312,71.2625961303711,70.05709838867188,68.17708587646484,70.96709442138672,70.24069213867188,68.16641235351562,70.78714752197266,68.7087173461914,67.48612976074219,69.5846176147461,66.8333740234375,67.88829803466797,70.6686019897461,69.34761047363281,67.99779510498047,69.70650482177734,70.69901275634766,70.24059295654297,69.45687103271484,70.10347747802734,68.53919219970703,71.68650817871094,68.68162536621094
3421,73.32919311523438,73.91097259521484,73.65889739990234,71.4541015625,71.88238525390625,73.27212524414062,73.4456558227539,70.09767150878906,72.48196411132812,73.36360168457031,73.36277770996094,71.47665405273438,71.9496841430664,73.74774932861328,72.50968933105469,70.58036804199219,73.43376159667969,72.68709564208984,70.57080841064453,73.25996398925781,71.11837005615234,69.86653137207031,72.01966857910156,69.1925048828125,70.27922058105469,73.13518524169922,71.77569580078125,70.39414978027344,72.14683532714844,73.15506744384766,72.68928527832031,71.88705444335938,72.546875,70.9487075805664,74.1819076538086,71.08885192871094
6432,68.85782623291016,69.41034698486328,69.17460632324219,67.08882904052734,67.49353790283203,68.8036880493164,68.97467041015625,65.8161849975586,68.06657409667969,68.89466094970703,68.89264678955078,67.1083984375,67.57097625732422,69.23516082763672,68.0841293334961,66.27330780029297,68.97293853759766,68.29286193847656,66.27640533447266,68.79781341552734,66.80300903320312,65.58907318115234,67.63518524169922,64.96685028076172,65.99800872802734,68.69811248779297,67.413818359375,66.0877914428711,67.74754333496094,68.73050689697266,68.26322937011719,67.51898193359375,68.15279388427734,66.62042236328125,69.67571258544922,66.76392364501953
8702,71.4749755859375,72.04503631591797,71.79670715332031,69.64000701904297,70.05213928222656,71.41859436035156,71.5880126953125,68.30934143066406,70.65280151367188,71.51044464111328,71.50163269042969,69.65032196044922,70.13227081298828,71.8743667602539,70.66293334960938,68.78829956054688,71.59495544433594,70.873046875,68.7809829711914,71.40304565429688,69.3297348022461,68.07781982421875,70.19547271728516,67.42640686035156,68.49866485595703,71.29586791992188,69.96578979492188,68.59644317626953,70.32140350341797,71.32557678222656,70.85456085205078,70.07290649414062,70.72917938232422,69.14369201660156,72.30703735351562,69.29427337646484
9310,72.61743927001953,73.21544647216797,72.95487976074219,70.75865173339844,71.18162536621094,72.55380249023438,72.74530029296875,69.40560913085938,71.77344512939453,72.66162872314453,72.64794921875,70.76504516601562,71.25605773925781,73.02230072021484,71.79793548583984,69.88825225830078,72.7344970703125,72.01868438720703,69.89613342285156,72.5599594116211,70.44507598876953,69.16283416748047,71.31705474853516,68.51089477539062,69.60980224609375,72.44078063964844,71.09873962402344,69.69136047363281,71.44388580322266,72.47953033447266,71.9870834350586,71.19010925292969,71.87792205810547,70.23670959472656,73.48583984375,70.3969955444336
2594,73.46321105957031,74.04886627197266,73.7975082397461,71.57231140136719,71.99736785888672,73.415771484375,73.58488464355469,70.19042205810547,72.61775970458984,73.50611877441406,73.48851776123047,71.57614135742188,72.08100128173828,73.88497924804688,72.62825012207031,70.68379211425781,73.59028625488281,72.83367919921875,70.66320037841797,73.39374542236328,71.24087524414062,69.9619140625,72.14643096923828,69.28697967529297,70.38584899902344,73.27423095703125,71.89462280273438,70.4962387084961,72.2771224975586,73.30745697021484,72.826171875,72.01596069335938,72.6845703125,71.06132507324219,74.32462310791016,71.21073150634766
7885,72.03780364990234,72.61429595947266,72.36829376220703,70.18448638916016,70.61097717285156,71.97144317626953,72.1609878540039,68.8491439819336,71.2021484375,72.072265625,72.06466674804688,70.20581817626953,70.69110107421875,72.43134307861328,71.21942901611328,69.34314727783203,72.15144348144531,71.44583892822266,69.34762573242188,71.9720458984375,69.88069915771484,68.61112213134766,70.75096130371094,67.9684066772461,69.0523910522461,71.86637878417969,70.52737426757812,69.14141845703125,70.88357543945312,71.89810180664062,71.41201782226562,70.63938903808594,71.2936782836914,69.6884536743164,72.89097595214844,69.84716033935547
2083,71.46512603759766,72.02873229980469,71.78784942626953,69.63241577148438,70.05587768554688,71.41255950927734,71.58470153808594,68.2989730834961,70.63214874267578,71.49739074707031,71.4765396118164,69.64905548095703,70.11446380615234,71.86527252197266,70.64994812011719,68.76782989501953,71.57521057128906,70.8494644165039,68.76408386230469,71.39689636230469,69.30067443847656,68.07145690917969,70.17926788330078,67.43063354492188,68.49542999267578,71.26924133300781,69.95431518554688,68.59132385253906,70.32048797607422,71.29891967773438,70.83851623535156,70.0519027709961,70.70952606201172,69.12942504882812,72.30517578125,69.27470397949219
2783,73.42587280273438,74.03913879394531,73.7670669555664,71.5428466796875,71.982177734375,73.34138488769531,73.55043029785156,70.20661163330078,72.5594482421875,73.46392059326172,73.47035217285156,71.57369232177734,72.04291534423828,73.80166625976562,72.59093475341797,70.68624877929688,73.5330810546875,72.8335952758789,70.7204818725586,73.3735580444336,71.246337890625,69.94316101074219,72.10938262939453,69.28999328613281,70.4195785522461,73.25630950927734,71.90768432617188,70.45518493652344,72.23403930664062,73.3000717163086,72.77265167236328,71.99439239501953,72.69554901123047,71.02629852294922,74.30686950683594,71.18805694580078
9203,72.58418273925781,73.15455627441406,72.9080810546875,70.72447967529297,71.15071868896484,72.5289535522461,72.70018768310547,69.37676239013672,71.74232482910156,72.6233901977539,72.60367584228516,70.74183654785156,71.2243881225586,72.99263000488281,71.76190948486328,69.84999084472656,72.7032470703125,71.96096801757812,69.8471450805664,72.51837158203125,70.39299774169922,69.131103515625,71.28389739990234,68.48237609863281,69.55847930908203,72.39065551757812,71.0533676147461,69.66670989990234,71.41375732421875,72.42620849609375,71.94584655761719,71.16253662109375,71.81485748291016,70.22584533691406,73.43455505371094,70.36920166015625
10034,69.83833312988281,70.38501739501953,70.14998626708984,68.03498077392578,68.45088195800781,69.76995849609375,69.94451904296875,66.75289916992188,69.02925872802734,69.86751556396484,69.86341857910156,68.07288360595703,68.53168487548828,70.22352600097656,69.05164337158203,67.22885131835938,69.94367218017578,69.25238800048828,67.23438262939453,69.77227020263672,67.74290466308594,66.51802062988281,68.59406280517578,65.89673614501953,66.93693542480469,69.6702880859375,68.36544799804688,67.04084777832031,68.71154022216797,69.69588470458984,69.22802734375,68.48165893554688,69.11773681640625,67.56431579589844,70.65907287597656,67.71694946289062
225,72.39542388916016,72.95941162109375,72.7150650024414,70.5406265258789,70.97322845458984,72.335693359375,72.50758361816406,69.211181640625,71.5506362915039,72.4311294555664,72.41222381591797,70.57532501220703,71.0269546508789,72.81230926513672,71.58247375488281,69.66976165771484,72.4977798461914,71.75100708007812,69.66641998291016,72.33057403564453,70.19070434570312,68.9614486694336,71.09442138671875,68.31305694580078,69.38948059082031,72.18897247314453,70.85065460205078,69.48998260498047,71.22055053710938,72.22232818603516,71.75409698486328,70.97599029541016,71.61821746826172,70.03517150878906,73.23641204833984,70.17877960205078
2770,74.467529296875,75.07355499267578,74.80811309814453,72.55592346191406,73.01410675048828,74.37581634521484,74.59064483642578,71.21539306640625,73.60273742675781,74.50857543945312,74.51066589355469,72.6091079711914,73.07149505615234,74.86932373046875,73.63385009765625,71.71412658691406,74.57964324951172,73.84544372558594,71.75025939941406,74.4035873413086,72.26960754394531,70.96954345703125,73.14440155029297,70.30354309082031,71.41455841064453,74.28902435302734,72.92451477050781,71.47649383544922,73.27202606201172,74.31517028808594,73.81916046142578,73.01759338378906,73.7144546508789,72.02950286865234,75.3277816772461,72.21366119384766
3041,73.88780212402344,74.47772979736328,74.22840118408203,71.99300384521484,72.42031860351562,73.83565521240234,74.0130844116211,70.60647583007812,73.03971099853516,73.93151092529297,73.91524505615234,72.00041961669922,72.50691986083984,74.30812072753906,73.05147552490234,71.10032653808594,74.01667785644531,73.26468658447266,71.08802032470703,73.8236312866211,71.66659545898438,70.37293243408203,72.56775665283203,69.70482635498047,70.80626678466797,73.70513153076172,72.32368469238281,70.91805267333984,72.69938659667969,73.7404556274414,73.24827575683594,72.43841552734375,73.11712646484375,71.47250366210938,74.76416015625,71.63165283203125
4694,71.19853210449219,71.76145935058594,71.51995086669922,69.38482666015625,69.80330657958984,71.14156341552734,71.30789184570312,68.08387756347656,70.38909149169922,71.24688720703125,71.23306274414062,69.42161560058594,69.86347198486328,71.60687255859375,70.4093017578125,68.5416030883789,71.31988525390625,70.59012603759766,68.54518127441406,71.13833618164062,69.07208251953125,67.84602355957031,69.94096374511719,67.20819091796875,68.2558364868164,71.0196533203125,69.7071762084961,68.36398315429688,70.0523681640625,71.03772735595703,70.59341430664062,69.80482482910156,70.45445251464844,68.88411712646484,72.02579498291016,69.03843688964844
1935,72.1264419555664,72.69734191894531,72.45912170410156,70.27394104003906,70.69727325439453,72.06714630126953,72.24512481689453,68.94254302978516,71.30006408691406,72.16436767578125,72.16544342041016,70.30413055419922,70.77477264404297,72.52883911132812,71.31302642822266,69.43114471435547,72.24515533447266,71.5296859741211,69.4302978515625,72.06238555908203,69.97539520263672,68.70906066894531,70.8453598022461,68.06065368652344,69.13226318359375,71.95634460449219,70.6131362915039,69.23414611816406,70.96434783935547,71.98098754882812,71.51121520996094,70.72178649902344,71.38148498535156,69.78185272216797,72.9737319946289,69.93118286132812
7770,72.51803588867188,73.08209228515625,72.8294677734375,70.6575698852539,71.08484649658203,72.4562759399414,72.6279067993164,69.3228530883789,71.66400909423828,72.5439453125,72.51970672607422,70.6847915649414,71.1445541381836,72.91311645507812,71.68700408935547,69.779052734375,72.61328125,71.88027954101562,69.77490234375,72.43688201904297,70.30695343017578,69.07192993164062,71.20782470703125,68.42108154296875,69.50173950195312,72.30487823486328,70.98213195800781,69.59947204589844,71.33982849121094,72.33642578125,71.86939239501953,71.1007308959961,71.7373275756836,70.1612548828125,73.3592300415039,70.28465270996094
1303,71.30048370361328,71.85614013671875,71.61637878417969,69.47341918945312,69.896484375,71.23889923095703,71.41520690917969,68.14878845214844,70.4673080444336,71.330322265625,71.3172836303711,69.50605010986328,69.95263671875,71.70280456542969,70.5014419555664,68.61815643310547,71.40608215332031,70.67228698730469,68.61798858642578,71.22840118408203,69.13894653320312,67.91438293457031,70.0196762084961,67.2819595336914,68.33672332763672,71.10419464111328,69.79248809814453,68.44384002685547,70.1535415649414,71.1368408203125,70.66630554199219,69.90357208251953,70.54364776611328,68.96946716308594,72.1367416381836,69.12278747558594
1564,72.65023040771484,73.21925354003906,72.9687271118164,70.78202819824219,71.20430755615234,72.59101104736328,72.75927734375,69.43621826171875,71.81389617919922,72.6836929321289,72.67012786865234,70.80423736572266,71.28104400634766,73.05033874511719,71.82625579833984,69.9114761352539,72.76373291015625,72.0215835571289,69.90170288085938,72.5726318359375,70.45896911621094,69.2052230834961,71.35149383544922,68.5430679321289,69.61995697021484,72.46341705322266,71.11489868164062,69.73117065429688,71.47740173339844,72.48404693603516,72.01598358154297,71.22979736328125,71.88676452636719,70.28675842285156,73.50244903564453,70.4314193725586
3592,71.1048812866211,71.67584991455078,71.43657684326172,69.28366088867188,69.69959259033203,71.04652404785156,71.22909545898438,67.96624755859375,70.28794860839844,71.14636993408203,71.13546752929688,69.30158233642578,69.76844024658203,71.49723052978516,70.30028533935547,68.44158935546875,71.22512817382812,70.51667022705078,68.43938446044922,71.04208374023438,68.98206329345703,67.73260498046875,69.84185028076172,67.0952377319336,68.16239166259766,70.93465423583984,69.61405181884766,68.24432373046875,69.96582794189453,70.96295166015625,70.49161529541016,69.71857452392578,70.37352752685547,68.7902603149414,71.9424057006836,68.93750762939453
3926,73.78795623779297,74.36752319335938,74.11127471923828,71.89219665527344,72.32498931884766,73.72600555419922,73.90042114257812,70.52723693847656,72.92546844482422,73.81438446044922,73.8011245727539,71.91380310058594,72.38836669921875,74.20035552978516,72.95433807373047,71.0015869140625,73.89486694335938,73.13650512695312,70.99945831298828,73.71443939208984,71.55233764648438,70.28221893310547,72.45867919921875,69.61785888671875,70.7130355834961,73.58228302001953,72.21531677246094,70.81653594970703,72.59027099609375,73.61235809326172,73.13372039794922,72.32862091064453,73.00288391113281,71.37760162353516,74.63621520996094,71.52172088623047
8874,73.14720916748047,73.71070861816406,73.46376037597656,71.27123260498047,71.69879913330078,73.08405303955078,73.25409698486328,69.9176025390625,72.29881286621094,73.17301940917969,73.16256713867188,71.30230712890625,71.7680892944336,73.55448150634766,72.31980895996094,70.39335632324219,73.25493621826172,72.50244140625,70.38575744628906,73.06531524658203,70.93455505371094,69.67780303955078,71.83074188232422,69.02047729492188,70.10028076171875,72.94866180419922,71.59605407714844,70.21319580078125,71.96524047851562,72.97410583496094,72.4968490600586,71.71199035644531,72.37077331542969,70.76348114013672,73.99994659423828,70.91085052490234
5429,73.43561553955078,74.01042938232422,73.76065063476562,71.54737091064453,71.97687530517578,73.38164520263672,73.5529556274414,70.17288970947266,72.58722686767578,73.4703598022461,73.45219421386719,71.56121063232422,72.05115509033203,73.8499755859375,72.59298706054688,70.6670150756836,73.55235290527344,72.80535888671875,70.65086364746094,73.35804748535156,71.21353149414062,69.9410400390625,72.11453247070312,69.277099609375,70.37071990966797,73.24546813964844,71.88148498535156,70.48088836669922,72.25331115722656,73.26901245117188,72.79491424560547,71.99901580810547,72.65616607666016,71.04181671142578,74.29729461669922,71.18827819824219
8828,72.96338653564453,73.53291320800781,73.28549194335938,71.10355377197266,71.5422134399414,72.90007019042969,73.07711029052734,69.77518463134766,72.10759735107422,72.99166870117188,72.97464752197266,71.14038848876953,71.58563995361328,73.36090850830078,72.1348648071289,70.21663665771484,73.0544204711914,72.3172378540039,70.2258529663086,72.8908462524414,70.74409484863281,69.51725769042969,71.64896392822266,68.86267852783203,69.94087219238281,72.74485778808594,71.41954803466797,70.042236328125,71.77935028076172,72.7694320678711,72.30873107910156,71.5219955444336,72.17724609375,70.59124755859375,73.80524444580078,70.72354125976562
8469,72.39420318603516,72.96991729736328,72.71920013427734,70.54605102539062,70.97199249267578,72.34422302246094,72.51034545898438,69.21037292480469,71.55717468261719,72.44181823730469,72.42261505126953,70.56632995605469,71.03611755371094,72.81111145019531,71.58553314208984,69.66514587402344,72.51315307617188,71.75794982910156,69.66573333740234,72.33937072753906,70.20801544189453,68.9742660522461,71.10926055908203,68.30890655517578,69.38529205322266,72.19707489013672,70.86093139648438,69.49188995361328,71.22242736816406,72.23169708251953,71.76814270019531,70.9701156616211,71.6294174194336,70.03626251220703,73.24644470214844,70.18344116210938
7549,72.25931549072266,72.83784484863281,72.59088897705078,70.40281677246094,70.81918334960938,72.20985412597656,72.38302612304688,69.04025268554688,71.42662811279297,72.29869842529297,72.28083801269531,70.40716552734375,70.89720916748047,72.6703872680664,71.44328308105469,69.5243148803711,72.37799072265625,71.63945007324219,69.50872039794922,72.19412994384766,70.07669830322266,68.81624603271484,70.96288299560547,68.157470703125,69.23779296875,72.07487487792969,70.71996307373047,69.34434509277344,71.09275817871094,72.10485076904297,71.63066864013672,70.83406829833984,71.49896240234375,69.89405822753906,73.10778045654297,70.04141235351562
2648,74.22618103027344,74.80415344238281,74.56673431396484,72.34288787841797,72.79739379882812,74.16602325439453,74.3401870727539,71.0198974609375,73.38436889648438,74.27182006835938,74.2672348022461,72.40169525146484,72.84538269042969,74.65264892578125,73.4140853881836,71.48188781738281,74.32954406738281,73.59538269042969,71.50301361083984,74.16938018798828,72.02073669433594,70.75690460205078,72.92094421386719,70.10993957519531,71.18455505371094,74.03923034667969,72.68489074707031,71.29605102539062,73.04673767089844,74.05530548095703,73.59059143066406,72.78893280029297,73.45638275146484,71.84075164794922,75.07475280761719,71.99681854248047
7077,71.52318572998047,72.09683990478516,71.84912109375,69.681640625,70.11649322509766,71.44568634033203,71.63822174072266,68.3741226196289,70.69646453857422,71.55864715576172,71.54906463623047,69.72190856933594,70.18035125732422,71.90502166748047,70.71561431884766,68.85613250732422,71.6314697265625,70.93988037109375,68.88111877441406,71.46153259277344,69.39667510986328,68.13298034667969,70.24903869628906,67.50249481201172,68.578857421875,71.36235046386719,70.0389633178711,68.65574645996094,70.38028717041016,71.38755798339844,70.90576171875,70.13385009765625,70.80482482910156,69.19014739990234,72.3773193359375,69.3503646850586
9591,70.74793243408203,71.30419921875,71.06649780273438,68.9403076171875,69.34980010986328,70.69712829589844,70.86174774169922,67.6247329711914,69.92633819580078,70.7851791381836,70.77188873291016,68.95831298828125,69.42107391357422,71.1436996459961,69.95671081542969,68.08344268798828,70.86061096191406,70.13790130615234,68.0811767578125,70.68822479248047,68.61872863769531,67.39323425292969,69.48597717285156,66.75445556640625,67.80351257324219,70.56189727783203,69.25572967529297,67.91039276123047,69.60576629638672,70.59088897705078,70.13304901123047,69.35537719726562,70.0067138671875,68.44768524169922,71.57164001464844,68.59233856201172
6271,71.8129653930664,72.38916778564453,72.13764190673828,69.96849822998047,70.38432312011719,71.7584457397461,71.93233489990234,68.62596130371094,70.98001098632812,71.8492431640625,71.8271255493164,69.97193908691406,70.45877838134766,72.2188949584961,70.99472045898438,69.09746551513672,71.92646026611328,71.19622802734375,69.09001159667969,71.74359893798828,69.64324188232422,68.39247131347656,70.51876831054688,67.74252319335938,68.8183364868164,71.62638092041016,70.29107666015625,68.91714477539062,70.65293884277344,71.65530395507812,71.1812744140625,70.39883422851562,71.06143188476562,69.46280670166016,72.65526580810547,69.60710906982422
5522,73.52582550048828,74.1224136352539,73.86808013916016,71.63467407226562,72.08024597167969,73.44129943847656,73.65168762207031,70.30079650878906,72.66671752929688,73.56486511230469,73.56769561767578,71.67809295654297,72.14582824707031,73.92095947265625,72.69436645507812,70.78900909423828,73.63810729980469,72.92508697509766,70.82672882080078,73.47040557861328,71.34773254394531,70.04826354980469,72.21842956542969,69.3964614868164,70.50716400146484,73.35370635986328,71.99689483642578,70.5677261352539,72.349609375,73.3932113647461,72.87876892089844,72.09394073486328,72.79084014892578,71.11978912353516,74.39373779296875,71.29342651367188
7135,71.39315795898438,71.96358489990234,71.7264175415039,69.56720733642578,69.99205017089844,71.33099365234375,71.51686096191406,68.27057647705078,70.57988739013672,71.43821716308594,71.4451904296875,69.61864471435547,70.06050109863281,71.78849792480469,70.60735321044922,68.74573516845703,71.51226806640625,70.81002807617188,68.75923156738281,71.34215545654297,69.27790832519531,68.03140258789062,70.14006042480469,67.40194702148438,68.4560775756836,71.22645568847656,69.91548156738281,68.55268859863281,70.24378204345703,71.25579833984375,70.79073333740234,70.02581787109375,70.67005920410156,69.08129119873047,72.23683166503906,69.23738861083984
9706,70.65522766113281,71.22555541992188,70.97048950195312,68.84699249267578,69.26200866699219,70.5824203491211,70.76460266113281,67.55294036865234,69.8355484008789,70.68987274169922,70.6868667602539,68.86808776855469,69.3358383178711,71.03067016601562,69.85247802734375,68.02044677734375,70.7635498046875,70.07746124267578,68.03697204589844,70.59229278564453,68.55973815917969,67.30609893798828,69.38713836669922,66.67704010009766,67.74441528320312,70.49088287353516,69.1866455078125,67.81529235839844,69.51280975341797,70.51776885986328,70.03707122802734,69.27823638916016,69.94575500488281,68.35210418701172,71.48526000976562,68.50538635253906
811,69.68110656738281,70.22126770019531,69.9811019897461,67.8859634399414,68.30321502685547,69.62335205078125,69.78112030029297,66.60777282714844,68.87258911132812,69.7029800415039,69.69988250732422,67.911376953125,68.36680603027344,70.07403564453125,68.88679504394531,67.06600189208984,69.7811508178711,69.07716369628906,67.05718231201172,69.60306549072266,67.57289123535156,66.37442016601562,68.4300308227539,65.74295806884766,66.77449798583984,69.49192810058594,68.20276641845703,66.880859375,68.5518798828125,69.5192642211914,69.0662612915039,68.31755065917969,68.93579864501953,67.42236328125,70.48776245117188,67.54993438720703
8262,72.50572967529297,73.0852279663086,72.8359146118164,70.64087677001953,71.06248474121094,72.4490737915039,72.6270523071289,69.28156280517578,71.66658782958984,72.54093170166016,72.52606964111328,70.64768981933594,71.14385223388672,72.9119873046875,71.6839599609375,69.76937866210938,72.62246704101562,71.89058685302734,69.75761413574219,72.43433380126953,70.3180923461914,69.0478515625,71.20211791992188,68.39096069335938,69.47422790527344,72.32286834716797,70.96700286865234,69.58145141601562,71.33580017089844,72.35498046875,71.86932373046875,71.08494567871094,71.7449951171875,70.13739776611328,73.36053466796875,70.28567504882812
3188,72.77991485595703,73.37629699707031,73.12129211425781,70.92332458496094,71.37210845947266,72.68021392822266,72.8988265991211,69.64087677001953,71.9253158569336,72.81999206542969,72.83557891845703,70.98790740966797,71.42418670654297,73.15998840332031,71.97611236572266,70.111328125,72.8834457397461,72.18460083007812,70.1623764038086,72.73062896728516,70.64743041992188,69.3871841430664,71.49877166748047,68.7530288696289,69.83023071289062,72.60899353027344,71.29327392578125,69.86906433105469,71.61052703857422,72.63264465332031,72.13724517822266,71.38179016113281,72.06463623046875,70.40648651123047,73.61663818359375,70.58161163330078
1621,72.10610961914062,72.68635559082031,72.43775939941406,70.25446319580078,70.69148254394531,72.029052734375,72.23040771484375,68.93807983398438,71.2616958618164,72.146484375,72.14095306396484,70.28759765625,70.76384735107422,72.4949951171875,71.29515838623047,69.42449951171875,72.21366882324219,71.5220718383789,69.45121002197266,72.04367065429688,69.96492767333984,68.68913269042969,70.81890106201172,68.05555725097656,69.13644409179688,71.9376220703125,70.60590362548828,69.20464324951172,70.94775390625,71.97966766357422,71.47222900390625,70.7055435180664,71.38543701171875,69.74855041503906,72.95664978027344,69.92066192626953
3979,73.34859466552734,73.92774963378906,73.67921447753906,71.47145080566406,71.90057373046875,73.28855895996094,73.4650650024414,70.11280059814453,72.49989318847656,73.38766479492188,73.37483215332031,71.48798370361328,71.96856689453125,73.75521087646484,72.52034759521484,70.59077453613281,73.46612548828125,72.72359466552734,70.5970230102539,73.28396606445312,71.15008544921875,69.87641906738281,72.0391845703125,69.21405029296875,70.3034439086914,73.15347290039062,71.8027114868164,70.3943099975586,72.16002655029297,73.17833709716797,72.7115478515625,71.89794921875,72.5759048461914,70.9559555053711,74.1958236694336,71.10774230957031
7591,72.20975494384766,72.79267120361328,72.55187225341797,70.36719512939453,70.78952026367188,72.15847778320312,72.33345031738281,69.04230499267578,71.3859634399414,72.25830841064453,72.25285339355469,70.39517974853516,70.8565902709961,72.62250518798828,71.40747833251953,69.5177001953125,72.33685302734375,71.614013671875,69.52822875976562,72.16321563720703,70.06184387207031,68.80020904541016,70.93743133544922,68.15816497802734,69.23179626464844,72.03384399414062,70.70172119140625,69.31959533691406,71.0470962524414,72.07161712646484,71.60110473632812,70.80628967285156,71.46665954589844,69.86717987060547,73.05952453613281,70.0146713256836
3109,73.54300689697266,74.12796020507812,73.87557983398438,71.65171813964844,72.08879089355469,73.47169494628906,73.66637420654297,70.28893280029297,72.69227600097656,73.5826187133789,73.56957244873047,71.67169952392578,72.16158294677734,73.94393920898438,72.70596313476562,70.79240417480469,73.65746307373047,72.9288330078125,70.78912353515625,73.4700927734375,71.3387451171875,70.05211639404297,72.22821807861328,69.38706970214844,70.48948669433594,73.36405181884766,71.99897003173828,70.5793228149414,72.36346435546875,73.39063262939453,72.89863586425781,72.1114730834961,72.77814483642578,71.146728515625,74.4049072265625,71.3040771484375
1057,70.28648376464844,70.836669921875,70.59317779541016,68.48027801513672,68.89331817626953,70.23206329345703,70.39681243896484,67.16400909423828,69.46647644042969,70.31217956542969,70.29574584960938,68.49784851074219,68.95674133300781,70.67887878417969,69.48662567138672,67.63054656982422,70.39128112792969,69.66897583007812,67.6196517944336,70.2082748413086,68.15047454833984,66.9468765258789,69.01607513427734,66.30464935302734,67.35259246826172,70.09169006347656,68.79264068603516,67.4578628540039,69.15259552001953,70.1187744140625,69.66561889648438,68.90019989013672,69.53296661376953,67.99314880371094,71.10381317138672,68.13047790527344
3879,73.36065673828125,73.9554214477539,73.69204711914062,71.47368621826172,71.90686798095703,73.29182434082031,73.47863006591797,70.11550903320312,72.49490356445312,73.39199829101562,73.39813232421875,71.49710845947266,71.98689270019531,73.7711410522461,72.54169464111328,70.61048889160156,73.46502685546875,72.72972106933594,70.61779022216797,73.28799438476562,71.1495361328125,69.88896179199219,72.05709838867188,69.19416809082031,70.30099487304688,73.17424011230469,71.81939697265625,70.40757751464844,72.17400360107422,73.20575714111328,72.72502899169922,71.92133331298828,72.59027862548828,70.96260070800781,74.23432922363281,71.11859893798828
8025,71.5973892211914,72.180908203125,71.92009735107422,69.75772857666016,70.16793823242188,71.52978515625,71.7140884399414,68.4252700805664,70.75685119628906,71.63851165771484,71.61836242675781,69.75456237792969,70.24970245361328,71.99054718017578,70.78011322021484,68.89064025878906,71.7125244140625,70.99596405029297,68.89850616455078,71.5317153930664,69.439208984375,68.18119049072266,70.31207275390625,67.52489471435547,68.61433410644531,71.41248321533203,70.08585357666016,68.69556427001953,70.43150329589844,71.4533462524414,70.96392822265625,70.19196319580078,70.85504913330078,69.25029754638672,72.44461059570312,69.39923858642578
9728,71.88555145263672,72.42250061035156,72.18666076660156,70.05402374267578,70.5102767944336,71.81222534179688,71.97862243652344,68.78901672363281,71.05262756347656,71.91062927246094,71.90428924560547,70.15071105957031,70.5145492553711,72.28162384033203,71.08901977539062,69.20288848876953,71.96021270751953,71.22396850585938,69.22481536865234,71.8162612915039,69.6913833618164,68.52286529541016,70.59014892578125,67.90750885009766,68.94073486328125,71.65275573730469,70.37548828125,69.05020904541016,70.72471618652344,71.66260528564453,71.23057556152344,70.4605712890625,71.10530090332031,69.54490661621094,72.6973648071289,69.69770050048828
6909,71.80144500732422,72.36495208740234,72.12089538574219,69.95513153076172,70.37898254394531,71.74903869628906,71.91625213623047,68.61962890625,70.97357940673828,71.83491516113281,71.81420135498047,69.97154998779297,70.44779205322266,72.20346069335938,70.98301696777344,69.09156036376953,71.91417694091797,71.18399810791016,69.08142852783203,71.72760772705078,69.63220977783203,68.38953399658203,70.5102767944336,67.73828125,68.80763244628906,71.61487579345703,70.27993774414062,68.91523742675781,70.64651489257812,71.64340209960938,71.1720962524414,70.39363861083984,71.04120635986328,69.4639892578125,72.64096069335938,69.60458374023438
5711,73.44660186767578,74.0433349609375,73.78280639648438,71.55806732177734,71.99625396728516,73.36359405517578,73.56855773925781,70.20653533935547,72.57889556884766,73.48135375976562,73.4724349975586,71.58364868164062,72.06571197509766,73.8429946899414,72.61659240722656,70.69546508789062,73.54846954345703,72.83216094970703,70.72223663330078,73.37299346923828,71.25053405761719,69.96315002441406,72.12089538574219,69.29615020751953,70.41069793701172,73.26647186279297,71.91616821289062,70.48899841308594,72.26166534423828,73.30419921875,72.79541015625,72.00932312011719,72.69204711914062,71.04004669189453,74.3130874633789,71.20917510986328
197,72.06904602050781,72.64726257324219,72.39960479736328,70.22761535644531,70.64918518066406,72.01673126220703,72.1903076171875,68.89598083496094,71.23561096191406,72.1119613647461,72.08873748779297,70.23789978027344,70.7220230102539,72.47388458251953,71.26042175292969,69.35551452636719,72.18946075439453,71.46016693115234,69.35945892333984,72.01055145263672,69.90789031982422,68.64862823486328,70.78411102294922,68.00311279296875,69.07844543457031,71.8862075805664,70.55430603027344,69.17598724365234,70.91207122802734,71.92742919921875,71.43802642822266,70.65621185302734,71.32868194580078,69.72298431396484,72.92269897460938,69.87372589111328
4333,71.4462661743164,72.0400161743164,71.77655029296875,69.60440826416016,70.067626953125,71.34561157226562,71.55055236816406,68.37018585205078,70.58505249023438,71.4948501586914,71.48876953125,69.73115539550781,70.13819885253906,71.780517578125,70.67414855957031,68.83035278320312,71.54316711425781,70.92018127441406,68.93988800048828,71.4342041015625,69.34503936767578,68.09210205078125,70.19951629638672,67.53377532958984,68.60395050048828,71.29956817626953,70.04548645019531,68.63301849365234,70.34300231933594,71.3272705078125,70.8176498413086,70.10257720947266,70.79318237304688,69.12381744384766,72.32283782958984,69.33287048339844
1031,69.9560317993164,70.51347351074219,70.26834106445312,68.15247344970703,68.56977844238281,69.8816909790039,70.06214141845703,66.8709716796875,69.13960266113281,69.9834213256836,69.97612762451172,68.18373107910156,68.64622497558594,70.32660675048828,69.1666259765625,67.34071350097656,70.0589370727539,69.3779296875,67.35688018798828,69.888671875,67.85769653320312,66.63066864013672,68.7116470336914,66.01126861572266,67.06017303466797,69.78939819335938,68.49789428710938,67.15422821044922,68.83161163330078,69.81116485595703,69.34217071533203,68.59864807128906,69.24040222167969,67.68031311035156,70.78527069091797,67.83157348632812
7665,71.81442260742188,72.38529968261719,72.13946533203125,69.96429443359375,70.39741516113281,71.73905944824219,71.93236541748047,68.6383285522461,70.96694946289062,71.84754180908203,71.8313980102539,69.98603057861328,70.46495819091797,72.2014389038086,70.99655151367188,69.122314453125,71.9181137084961,71.21107482910156,69.13355255126953,71.740478515625,69.65110778808594,68.39730072021484,70.52543640136719,67.74604034423828,68.83261108398438,71.6344223022461,70.3095703125,68.91513061523438,70.66390991210938,71.67582702636719,71.17086029052734,70.41764068603516,71.06417846679688,69.46913146972656,72.66643524169922,69.63011169433594
9503,71.1661605834961,71.73805236816406,71.4941635131836,69.34204864501953,69.75553131103516,71.11436462402344,71.28584289550781,68.0130844116211,70.34358215332031,71.21127319335938,71.1915054321289,69.3471450805664,69.83185577392578,71.56989288330078,70.3623046875,68.48020935058594,71.28611755371094,70.56302642822266,68.47547912597656,71.10564422607422,69.0213851928711,67.77864074707031,69.89289093017578,67.1318588256836,68.1957778930664,70.98396301269531,69.65660858154297,68.29552459716797,70.0155258178711,71.02083587646484,70.54571533203125,69.7640609741211,70.41938781738281,68.84284973144531,72.00089263916016,68.98739624023438
1052,70.26060485839844,70.81320190429688,70.5711441040039,68.45772552490234,68.86978912353516,70.20854949951172,70.3717269897461,67.1501235961914,69.44475555419922,70.2967758178711,70.27592468261719,68.4734115600586,68.93775939941406,70.65918731689453,69.46725463867188,67.60616302490234,70.370849609375,69.64362335205078,67.59664916992188,70.19127655029297,68.13182067871094,66.92601013183594,68.9992904663086,66.28433990478516,67.3269271850586,70.06997680664062,68.76296997070312,67.43329620361328,69.12486267089844,70.10067749023438,69.64214324951172,68.87619018554688,69.5123519897461,67.96858215332031,71.07884979248047,68.11104583740234
7905,71.65310668945312,72.23585510253906,71.98421478271484,69.80956268310547,70.2218246459961,71.59573364257812,71.77647399902344,68.461669921875,70.82323455810547,71.69560241699219,71.68309020996094,69.81149291992188,70.299560546875,72.06101989746094,70.83419036865234,68.94512939453125,71.7741470336914,71.04829406738281,68.93926239013672,71.58871459960938,69.4903335571289,68.23297882080078,70.36697387695312,67.57582092285156,68.6607894897461,71.46833801269531,70.13483428955078,68.74967193603516,70.48876953125,71.50769805908203,71.03083038330078,70.24285888671875,70.89935302734375,69.30272674560547,72.50065612792969,69.45181274414062
6475,68.8277816772461,69.3804931640625,69.14741516113281,67.0601806640625,67.48115539550781,68.75904846191406,68.9433822631836,65.80152893066406,68.03660583496094,68.86397552490234,68.86812591552734,67.09857177734375,67.54348754882812,69.20662689208984,68.06071472167969,66.27501678466797,68.92354583740234,68.25162506103516,66.28275299072266,68.76630401611328,66.7767562866211,65.58432006835938,67.61095428466797,64.9592056274414,65.98471069335938,68.67678833007812,67.39231872558594,66.07810974121094,67.7374267578125,68.69114685058594,68.23930358886719,67.50609588623047,68.12161254882812,66.59998321533203,69.64752960205078,66.74887084960938
7928,71.41697692871094,71.98711395263672,71.7487564086914,69.5835189819336,70.0103988647461,71.34036254882812,71.53679656982422,68.26255798339844,70.56610870361328,71.43547058105469,71.43968200683594,69.62476348876953,70.07610321044922,71.7989273071289,70.60465240478516,68.7458724975586,71.5179672241211,70.83126068115234,68.7799072265625,71.35948944091797,69.27759552001953,68.0122299194336,70.13575744628906,67.39456939697266,68.47636413574219,71.23302459716797,69.92755126953125,68.54065704345703,70.27525329589844,71.28655242919922,70.77459716796875,70.0273666381836,70.68437194824219,69.06517791748047,72.26849365234375,69.25334167480469
6899,71.64099884033203,72.20347595214844,71.9560546875,69.79828643798828,70.21510314941406,71.586181640625,71.75105285644531,68.46147155761719,70.81097412109375,71.67549896240234,71.658203125,69.81159210205078,70.2875747680664,72.04901885986328,70.82524108886719,68.9318618774414,71.75494384765625,71.01327514648438,68.91722869873047,71.5649185180664,69.46776580810547,68.23126220703125,70.34994506835938,67.57621765136719,68.64350891113281,71.44718170166016,70.11222076416016,68.75334167480469,70.48030090332031,71.47565460205078,71.01287078857422,70.2250747680664,70.87613677978516,69.2991943359375,72.47427368164062,69.44197845458984
7952,72.4756851196289,73.02867126464844,72.79911041259766,70.63150024414062,71.08484649658203,72.41593170166016,72.58721160888672,69.3368148803711,71.64537048339844,72.51878356933594,72.511962890625,70.69456481933594,71.1142578125,72.903076171875,71.68187713623047,69.78932189941406,72.58348083496094,71.84432983398438,69.80693054199219,72.42123413085938,70.2983627319336,69.08741760253906,71.1976547241211,68.45761108398438,69.50202178955078,72.28404998779297,70.96671295166016,69.62113952636719,71.32538604736328,72.30117797851562,71.84732818603516,71.06449890136719,71.71220397949219,70.13387298583984,73.31488037109375,70.29178619384766
8565,71.80415344238281,72.37969207763672,72.13813781738281,69.95125579833984,70.3878173828125,71.72766876220703,71.92195129394531,68.63516998291016,70.97322082519531,71.83824920654297,71.83699798583984,69.9926986694336,70.4610366821289,72.19134521484375,70.99545288085938,69.12438201904297,71.91038513183594,71.218994140625,69.14692687988281,71.74343872070312,69.65752410888672,68.38568115234375,70.52876281738281,67.7616195678711,68.83772277832031,71.64067840576172,70.30699157714844,68.92549896240234,70.6561508178711,71.67021942138672,71.17691040039062,70.4225082397461,71.07266998291016,69.46083068847656,72.6630859375,69.62699127197266
914,69.79642486572266,70.35546112060547,70.11993408203125,68.00083923339844,68.4249038696289,69.72198486328125,69.9098129272461,66.73127746582031,68.9804916381836,69.82514190673828,69.83373260498047,68.04723358154297,68.48760223388672,70.17011260986328,69.01274108886719,67.20124816894531,69.89599609375,69.22615814208984,67.23590087890625,69.73500061035156,67.72167205810547,66.48564147949219,68.55035400390625,65.88030242919922,66.9250717163086,69.63214111328125,68.34798431396484,66.9951400756836,68.67334747314453,69.67692565917969,69.18037414550781,68.44632720947266,69.09365844726562,67.51802062988281,70.6200180053711,67.6903305053711
9304,72.93824005126953,73.50845336914062,73.25680541992188,71.06282806396484,71.483154296875,72.87989044189453,73.0516357421875,69.70243835449219,72.08912658691406,72.9654541015625,72.95246124267578,71.07637023925781,71.56171417236328,73.34233856201172,72.10604858398438,70.18453979492188,73.04852294921875,72.30569458007812,70.17369842529297,72.86312103271484,70.72923278808594,69.46733856201172,71.6277084350586,68.80481719970703,69.89286804199219,72.73890686035156,71.3948745727539,69.99874877929688,71.7531509399414,72.77193450927734,72.2913589477539,71.50538635253906,72.1682357788086,70.55763244628906,73.79631042480469,70.70120239257812
4923,72.83753967285156,73.40042114257812,73.15151977539062,70.96849822998047,71.40160369873047,72.77901458740234,72.94731140136719,69.62113189697266,71.98971557617188,72.86646270751953,72.85064697265625,71.00027465820312,71.45542907714844,73.24893951416016,72.01360321044922,70.09031677246094,72.94257354736328,72.18425750732422,70.08277893066406,72.75971984863281,70.618408203125,69.38526916503906,71.52387237548828,68.72517395019531,69.80457305908203,72.6270751953125,71.28509521484375,69.91236114501953,71.658203125,72.65771484375,72.19086456298828,71.40217590332031,72.05023193359375,70.46273040771484,73.67742156982422,70.60575866699219
4895,72.30921936035156,72.89006805419922,72.63676452636719,70.4508056640625,70.8709716796875,72.24746704101562,72.4303970336914,69.10041046142578,71.47041320800781,72.34838104248047,72.33467102050781,70.46446228027344,70.95093536376953,72.71973419189453,71.49292755126953,69.58502197265625,72.43038177490234,71.69515991210938,69.58519744873047,72.2405014038086,70.13203430175781,68.87249755859375,71.0119400024414,68.20648956298828,69.2955322265625,72.12457275390625,70.77657318115234,69.39067840576172,71.14100646972656,72.16251373291016,71.67561340332031,70.88955688476562,71.55320739746094,69.93814086914062,73.16018676757812,70.10171508789062
6367,70.994384765625,71.55738067626953,71.31846618652344,69.17230224609375,69.58175659179688,70.94316101074219,71.10938262939453,67.84928131103516,70.17899322509766,71.03137969970703,71.02283477783203,69.1884536743164,69.66058349609375,71.39727020263672,70.19378662109375,68.32221221923828,71.11328887939453,70.39327239990234,68.31440734863281,70.93461608886719,68.86198425292969,67.61642456054688,69.72594451904297,66.97530364990234,68.03567504882812,70.81488800048828,69.49165344238281,68.13737487792969,69.84783935546875,70.85075378417969,70.3783950805664,69.60079956054688,70.25309753417969,68.67943572998047,71.82648468017578,68.8260498046875
8607,71.83262634277344,72.40966033935547,72.16046905517578,69.989013671875,70.40629577636719,71.7668228149414,71.95222473144531,68.65772247314453,71.00346374511719,71.86946868896484,71.86449432373047,70.00951385498047,70.47953033447266,72.22652435302734,71.01559448242188,69.14249420166016,71.94873809814453,71.23372650146484,69.14002227783203,71.76235961914062,69.68744659423828,68.42015075683594,70.54834747314453,67.77474975585938,68.85286712646484,71.65934753417969,70.32777404785156,68.93949127197266,70.67202758789062,71.68538665771484,71.20828247070312,70.4291000366211,71.09366607666016,69.4904556274414,72.67355346679688,69.63904571533203
8720,71.91643524169922,72.46955108642578,72.2262954711914,70.07337188720703,70.50566101074219,71.86048126220703,72.02084350585938,68.76177978515625,71.08592987060547,71.94229125976562,71.93285369873047,70.114013671875,70.55634307861328,72.3208236694336,71.10646057128906,69.21378326416016,72.0211181640625,71.28102111816406,69.22136688232422,71.84255981445312,69.73794555664062,68.52104949951172,70.62886047363281,67.8751220703125,68.93304443359375,71.71326446533203,70.39955139160156,69.0418472290039,70.76055145263672,71.74177551269531,71.28343200683594,70.50778198242188,71.14939880371094,69.58674621582031,72.74407196044922,69.726806640625
7244,70.21491241455078,70.78196716308594,70.53534698486328,68.41433715820312,68.81938171386719,70.150634765625,70.33177185058594,67.10356903076172,69.39199829101562,70.2475357055664,70.23551177978516,68.41532135009766,68.89958190917969,70.59915161132812,69.41998291015625,67.57486724853516,70.32154846191406,69.62972259521484,67.57413482666016,70.14881896972656,68.10150909423828,66.86683654785156,68.954345703125,66.23694610595703,67.2915267944336,70.03779602050781,68.73758697509766,67.38612365722656,69.08026123046875,70.06919860839844,69.59571075439453,68.84230041503906,69.48695373535156,67.92111206054688,71.04711151123047,68.06781768798828
5312,72.83679962158203,73.42626953125,73.16777801513672,70.96210479736328,71.39237213134766,72.76371765136719,72.95794677734375,69.61446380615234,71.99104309082031,72.87238311767578,72.87173461914062,70.9874496459961,71.47261810302734,73.23098754882812,72.00945281982422,70.11588287353516,72.94960021972656,72.24119567871094,70.12271881103516,72.76778411865234,70.66277313232422,69.37127685546875,71.53093719482422,68.71965789794922,69.82182312011719,72.6642074584961,71.31582641601562,69.90401458740234,71.66342163085938,72.69804382324219,72.2032470703125,71.41842651367188,72.09393310546875,70.45612335205078,73.69998931884766,70.61866760253906
2098,71.15414428710938,71.7342300415039,71.48347473144531,69.32425689697266,69.74336242675781,71.08624267578125,71.27925109863281,68.00004577636719,70.3253173828125,71.19243621826172,71.1791763305664,69.33998107910156,69.81796264648438,71.54412841796875,70.34841918945312,68.48388671875,71.2666015625,70.56932067871094,68.49252319335938,71.09042358398438,69.02523040771484,67.7684326171875,69.88031005859375,67.13018035888672,68.20475769042969,70.9835205078125,69.66797637939453,68.28913116455078,70.0074234008789,71.01880645751953,70.53640747070312,69.75782012939453,70.42684936523438,68.82179260253906,72.00091552734375,68.98279571533203
100,71.33090209960938,71.8704605102539,71.62394714355469,69.50690460205078,69.9438705444336,71.25552368164062,71.42547607421875,68.20945739746094,70.48246765136719,71.34523010253906,71.3313980102539,69.56876373291016,69.97347259521484,71.71212005615234,70.51036834716797,68.64971923828125,71.40443420410156,70.68623352050781,68.65275573730469,71.2328872680664,69.14066314697266,67.95162200927734,70.02780151367188,67.32696533203125,68.37835693359375,71.09782409667969,69.81963348388672,68.47842407226562,70.17234802246094,71.12104797363281,70.67357635498047,69.92366027832031,70.54524230957031,69.00714111328125,72.14912414550781,69.12567901611328
8042,71.7352294921875,72.31721496582031,72.06498718261719,69.89994049072266,70.33021545410156,71.66358184814453,71.85375213623047,68.60273742675781,70.91124725341797,71.7811050415039,71.78450012207031,69.9426040649414,70.39823913574219,72.12468719482422,70.93474578857422,69.07356262207031,71.85885620117188,71.15287780761719,69.08787536621094,71.67853546142578,69.61468505859375,68.35672760009766,70.46986389160156,67.71345520019531,68.78352355957031,71.57257843017578,70.2519760131836,68.86784362792969,70.58491516113281,71.59576416015625,71.12350463867188,70.35115814208984,71.01275634765625,69.41022491455078,72.58521270751953,69.56034088134766
2604,73.54698181152344,74.12824249267578,73.87728881835938,71.65571594238281,72.07598114013672,73.49496459960938,73.66419219970703,70.2728042602539,72.69770050048828,73.58134460449219,73.56573486328125,71.66088104248047,72.16350555419922,73.96300506591797,72.7094955444336,70.764404296875,73.6692886352539,72.91814422607422,70.74903106689453,73.47098541259766,71.32357788085938,70.03929138183594,72.22254180908203,69.3677978515625,70.46772766113281,73.3553237915039,71.98372650146484,70.58087921142578,72.35810089111328,73.38933563232422,72.9034652709961,72.09820556640625,72.76914978027344,71.14409637451172,74.4073715209961,71.2936019897461
5499,74.00262451171875,74.57743835449219,74.31819152832031,72.10806274414062,72.5485610961914,73.92166137695312,74.11672973632812,70.73677825927734,73.11066436767578,74.02373504638672,73.99861145019531,72.14647674560547,72.60089874267578,74.4021987915039,73.15901947021484,71.21202087402344,74.0865478515625,73.34580993652344,71.22618103027344,73.91316223144531,71.74038696289062,70.48375701904297,72.65851593017578,69.8304214477539,70.92755126953125,73.77626037597656,72.4395980834961,71.02970886230469,72.8027114868164,73.81509399414062,73.32083892822266,72.55132293701172,73.2016372680664,71.57683563232422,74.8616714477539,71.72909545898438
2063,71.46261596679688,72.03269958496094,71.7923355102539,69.62577056884766,70.04708099365234,71.40074920654297,71.5826187133789,68.30437469482422,70.6471176147461,71.50334930419922,71.49852752685547,69.65296936035156,70.12638092041016,71.85700988769531,70.65653991699219,68.79167175292969,71.57846069335938,70.87005615234375,68.78386688232422,71.39794158935547,69.32836151123047,68.07575988769531,70.19473266601562,67.43207550048828,68.49372100830078,71.2998275756836,69.96086883544922,68.59486389160156,70.31334686279297,71.31449890136719,70.84992218017578,70.07393646240234,70.72209167480469,69.1390151977539,72.30651092529297,69.28661346435547
2731,75.48006439208984,76.06785583496094,75.82115173339844,73.55726623535156,74.00206756591797,75.42573547363281,75.6012191772461,72.1698989868164,74.60208892822266,75.5180435180664,75.50553894042969,73.58697509765625,74.06747436523438,75.90495300292969,74.63375854492188,72.65576171875,75.59490203857422,74.83335876464844,72.65940856933594,75.41604614257812,73.20752716064453,71.91171264648438,74.1362533569336,71.23782348632812,72.35688781738281,75.2778091430664,73.89707946777344,72.47059631347656,74.26850128173828,75.3126449584961,74.82186889648438,74.00870513916016,74.68173217773438,73.03909301757812,76.3626708984375,73.18695068359375
9723,71.70047760009766,72.24925994873047,72.0032958984375,69.87551879882812,70.32547760009766,71.63748168945312,71.79170989990234,68.62577056884766,70.86800384521484,71.72755432128906,71.71770477294922,69.9402084350586,70.36068725585938,72.0867919921875,70.89844512939453,69.03482055664062,71.78876495361328,71.0667724609375,69.0721206665039,71.6335678100586,69.54627227783203,68.34266662597656,70.42656707763672,67.72111511230469,68.7540283203125,71.47684478759766,70.2059326171875,68.85057067871094,70.53932189941406,71.51661682128906,71.05317687988281,70.29595947265625,70.93959045410156,69.39156341552734,72.50297546386719,69.53560638427734
5294,73.33209228515625,73.91160583496094,73.66094207763672,71.44868469238281,71.8712158203125,73.28101348876953,73.45011901855469,70.07134246826172,72.48612976074219,73.3683853149414,73.35037994384766,71.4548110961914,71.9529800415039,73.74586486816406,72.49810028076172,70.56058502197266,73.4521713256836,72.70277404785156,70.5455093383789,73.25811004638672,71.11663055419922,69.84046173095703,72.01282501220703,69.17115020751953,70.26498413085938,73.1432876586914,71.77395629882812,70.37857055664062,72.14937591552734,73.17068481445312,72.69287872314453,71.88894653320312,72.5556411743164,70.94084930419922,74.1910400390625,71.08675384521484
5654,73.48612976074219,74.09024810791016,73.82530212402344,71.60018157958984,72.02874755859375,73.4161376953125,73.61856079101562,70.23402404785156,72.62615203857422,73.5285415649414,73.52045440673828,71.60964965820312,72.10379028320312,73.8861312866211,72.65482330322266,70.72571563720703,73.60127258300781,72.8817367553711,70.734375,73.41940307617188,71.28512573242188,69.99053955078125,72.17018127441406,69.32247924804688,70.43894958496094,73.30780029296875,71.95123291015625,70.51778411865234,72.29812622070312,73.34941101074219,72.84349822998047,72.04888916015625,72.73509979248047,71.08477020263672,74.36207580566406,71.24302673339844
6772,70.25311279296875,70.82019805908203,70.59076690673828,68.45586395263672,68.89397430419922,70.18106079101562,70.3807601928711,67.19224548339844,69.44963073730469,70.29530334472656,70.30155181884766,68.52440643310547,68.94916534423828,70.63697052001953,69.4856185913086,67.66748809814453,70.36518096923828,69.6861572265625,67.70040893554688,70.21173858642578,68.19091033935547,66.96324157714844,69.02672576904297,66.35285949707031,67.3959732055664,70.10374450683594,68.80712127685547,67.46312713623047,69.140869140625,70.12718963623047,69.66380310058594,68.90727233886719,69.55929565429688,67.96629333496094,71.0844497680664,68.14044189453125
427,70.78722381591797,71.35614013671875,71.11060333251953,68.97848510742188,69.39254760742188,70.72652435302734,70.90206146240234,67.67972564697266,69.97370147705078,70.83142852783203,70.8306884765625,69.00648498535156,69.4611587524414,71.1815185546875,69.99939727783203,68.15001678466797,70.90682220458984,70.19586944580078,68.15348815917969,70.72721862792969,68.68163299560547,67.44609069824219,69.53389739990234,66.8041763305664,67.8601303100586,70.61461639404297,69.30671691894531,67.94853210449219,69.64331817626953,70.64102172851562,70.18709564208984,69.40532684326172,70.05596160888672,68.48600769042969,71.6119155883789,68.63738250732422
5928,72.19102478027344,72.75965881347656,72.51368713378906,70.33476257324219,70.75521850585938,72.14132690429688,72.30606079101562,68.98611450195312,71.35797882080078,72.22584533691406,72.20623016357422,70.34412384033203,70.82814025878906,72.59961700439453,71.3674545288086,69.46188354492188,72.30889892578125,71.57009887695312,69.44744873046875,72.11878967285156,70.0071029663086,68.75697326660156,70.8941650390625,68.0998306274414,69.17501831054688,71.99971008300781,70.65873718261719,69.28353118896484,71.025146484375,72.02875518798828,71.56336212158203,70.76787567138672,71.42330932617188,69.83769226074219,73.03429412841797,69.9763412475586
3597,71.27474975585938,71.8396224975586,71.60231018066406,69.44782257080078,69.870849609375,71.22119140625,71.39165496826172,68.13543701171875,70.45513916015625,71.31244659423828,71.30410766601562,69.4808120727539,69.93560791015625,71.6781997680664,70.48028564453125,68.60443878173828,71.38835144042969,70.66691589355469,68.60548400878906,71.21005249023438,69.13600158691406,67.90555572509766,70.0111083984375,67.26365661621094,68.31504821777344,71.09385681152344,69.77838134765625,68.42139434814453,70.13028717041016,71.12226104736328,70.66355895996094,69.87975311279297,70.53288269042969,68.95960235595703,72.10838317871094,69.10562896728516
6220,72.07876586914062,72.6529769897461,72.3976821899414,70.22537231445312,70.64822387695312,71.9954605102539,72.18678283691406,68.89850616455078,71.21986389160156,72.10301971435547,72.08355712890625,70.2508544921875,70.72086334228516,72.45236206054688,71.24842834472656,69.36458587646484,72.1780014038086,71.47666931152344,69.38667297363281,71.99751281738281,69.89950561523438,68.62870025634766,70.77696228027344,68.007080078125,69.0966567993164,71.87835693359375,70.58253479003906,69.18010711669922,70.90535736083984,71.9221420288086,71.41976165771484,70.67813110351562,71.32685852050781,69.71537780761719,72.93864440917969,69.87242126464844
